Age,Income,Existing_Policy,Previous_Claims,Buy_Insurance
58,56159,Yes,1,Yes
48,63925,No,0,Yes
34,25951,No,0,No
62,28007,Yes,1,Yes
27,61832,No,1,No
40,78596,Yes,1,Yes
58,50523,Yes,1,Yes
38,35524,Yes,1,Yes
42,39282,Yes,0,Yes
30,43930,No,1,No
30,20077,No,0,No
43,40611,Yes,0,Yes
55,36984,No,1,No
59,34060,No,1,No
43,63303,Yes,3,Yes
22,79207,No,0,No
41,95046,Yes,1,Yes
21,49287,Yes,1,Yes
43,59711,No,1,Yes
63,31954,No,3,Yes
49,93340,No,3,Yes
57,92101,Yes,2,Yes
21,91520,Yes,0,Yes
40,38574,No,2,Yes
52,29184,No,1,No
31,39096,No,3,Yes
41,87728,No,3,Yes
63,54016,Yes,2,Yes
44,31246,No,3,Yes
46,65558,Yes,1,Yes
61,38381,Yes,3,Yes
47,56455,No,2,Yes
35,24018,No,1,No
34,31302,No,2,Yes
63,87506,Yes,3,Yes
22,61157,No,2,Yes
56,74917,No,2,Yes
26,44519,Yes,0,Yes
40,76819,No,3,Yes
28,91324,Yes,3,Yes
58,25408,No,2,Yes
37,79379,Yes,0,Yes
23,45053,No,3,Yes
44,29446,No,1,No
33,20922,Yes,2,Yes
28,71356,Yes,3,Yes
45,30789,No,1,No
21,86656,Yes,3,Yes
39,64028,Yes,1,Yes
47,84484,Yes,2,Yes
26,52154,Yes,3,Yes
63,22336,No,3,Yes
27,87779,No,0,No
54,39029,Yes,2,Yes
33,79201,Yes,1,Yes
36,52265,Yes,3,Yes
55,63872,Yes,3,Yes
59,66197,No,1,Yes
23,75180,No,2,Yes
21,43710,Yes,0,Yes
25,49486,Yes,0,Yes
61,91907,Yes,3,Yes
23,91895,No,1,No
48,84435,Yes,3,Yes
37,60631,No,1,Yes
45,40103,Yes,0,Yes
63,84772,No,2,Yes
53,34382,Yes,1,Yes
29,23756,No,0,No
55,40609,Yes,3,Yes
33,36478,Yes,1,Yes
50,59666,Yes,2,Yes
34,95683,No,3,Yes
27,91315,Yes,3,Yes
33,97834,No,0,No
42,34153,No,1,No
59,96325,Yes,3,Yes
40,32999,Yes,2,Yes
35,75318,Yes,1,Yes
64,20814,No,2,Yes
37,96077,Yes,3,Yes
43,22443,No,2,Yes
45,95993,No,0,Yes
44,95916,Yes,2,Yes
64,93319,Yes,1,Yes
60,37368,Yes,2,Yes
48,35328,Yes,2,Yes
34,76942,Yes,0,Yes
64,47306,Yes,2,Yes
20,59915,No,2,Yes
44,57219,No,3,Yes
26,84644,No,3,Yes
28,80279,Yes,1,Yes
43,73028,No,3,Yes
20,20126,No,3,Yes
63,72329,No,3,Yes
27,47632,No,3,Yes
43,85310,No,0,Yes
30,75176,Yes,3,Yes
36,64327,Yes,0,Yes
27,88904,No,0,No
54,23797,No,3,Yes
54,67882,No,2,Yes
52,33718,Yes,0,Yes
24,54560,Yes,2,Yes
61,96589,No,2,Yes
58,42116,Yes,3,Yes
60,56244,Yes,1,Yes
47,21645,No,3,Yes
26,67523,Yes,1,Yes
28,39256,Yes,1,Yes
27,73173,No,3,Yes
31,57430,Yes,3,Yes
53,59282,Yes,1,Yes
52,83374,No,3,Yes
42,88244,Yes,1,Yes
43,31694,Yes,2,Yes
56,76264,No,3,Yes
54,95060,No,2,Yes
63,77545,No,0,Yes
59,59224,Yes,2,Yes
41,33224,No,2,Yes
46,60738,Yes,1,Yes
54,45150,No,2,Yes
20,83731,Yes,3,Yes
54,69688,No,1,Yes
56,93509,No,0,Yes
33,28577,No,3,Yes
22,28070,No,0,No
20,28666,Yes,2,Yes
24,77761,No,3,Yes
45,56368,No,3,Yes
33,26783,Yes,0,Yes
58,61914,No,3,Yes
46,90507,Yes,3,Yes
28,99026,No,3,Yes
34,87526,No,2,Yes
34,90835,No,0,No
45,65765,Yes,3,Yes
61,39956,No,1,No
32,66240,No,1,No
51,57148,No,1,Yes
58,24757,Yes,1,Yes
51,39097,Yes,2,Yes
23,30395,No,3,Yes
49,36241,Yes,0,Yes
56,47696,No,3,Yes
42,90480,No,2,Yes
58,66163,No,1,Yes
64,39816,No,2,Yes
34,69840,No,3,Yes
62,72853,No,0,Yes
48,44917,No,2,Yes
55,41566,Yes,0,Yes
32,95452,Yes,2,Yes
51,82823,Yes,0,Yes
26,40806,Yes,0,Yes
41,95520,Yes,1,Yes
47,21759,Yes,0,Yes
21,61949,Yes,1,Yes
61,22482,No,3,Yes
64,44442,No,3,Yes
25,53719,No,1,No
47,78066,No,1,Yes
47,22079,Yes,2,Yes
63,22717,Yes,2,Yes
63,79676,No,2,Yes
39,47952,No,3,Yes
49,62460,Yes,2,Yes
30,92847,No,0,No
47,38449,No,0,No
44,53536,No,2,Yes
58,84077,No,0,Yes
52,58258,Yes,3,Yes
20,68302,No,0,No
46,48865,No,3,Yes
32,26645,Yes,1,Yes
60,58000,Yes,1,Yes
22,46737,No,1,No
58,31485,Yes,1,Yes
25,58565,No,0,No
27,45522,No,2,Yes
46,85155,Yes,0,Yes
28,75168,No,3,Yes
56,72487,No,0,Yes
52,32342,No,0,No
61,60806,No,3,Yes
63,68770,Yes,1,Yes
43,98623,Yes,1,Yes
34,95629,No,1,No
51,72603,Yes,2,Yes
51,46399,No,3,Yes
43,96534,No,3,Yes
60,75106,No,0,Yes
31,50678,No,2,Yes
58,96218,No,1,Yes
21,83230,Yes,2,Yes
22,94055,No,3,Yes
56,76373,Yes,3,Yes
36,51480,Yes,0,Yes
21,88836,No,0,No
21,92258,No,3,Yes
47,59986,No,1,Yes
42,44160,No,1,No
56,99111,No,2,Yes
51,84929,Yes,3,Yes
52,93506,No,3,Yes
20,54911,No,1,No
38,51821,Yes,1,Yes
21,95039,Yes,3,Yes
63,80535,No,0,Yes
45,32175,Yes,3,Yes
51,74771,No,3,Yes
25,86358,Yes,1,Yes
51,37327,Yes,1,Yes
23,67057,No,0,No
30,26150,Yes,0,Yes
36,24425,Yes,2,Yes
57,36032,Yes,3,Yes
43,22198,Yes,1,Yes
24,80500,Yes,0,Yes
53,73394,Yes,2,Yes
25,40079,No,2,Yes
41,56220,No,1,Yes
30,61874,Yes,1,Yes
35,33859,No,2,Yes
52,70460,No,0,Yes
28,51419,No,2,Yes
25,28705,Yes,3,Yes
35,62880,No,3,Yes
48,43236,Yes,1,Yes
22,35358,No,0,No
39,96918,Yes,0,Yes
55,34596,Yes,3,Yes
38,53572,No,2,Yes
45,98757,No,1,Yes
22,21279,Yes,2,Yes
38,83197,No,2,Yes
39,82516,No,2,Yes
51,27083,No,0,No
26,37771,Yes,3,Yes
60,49975,Yes,0,Yes
52,65648,No,3,Yes
59,68285,No,1,Yes
58,39063,No,1,No
37,87642,Yes,2,Yes
59,57599,Yes,3,Yes
20,71920,No,3,Yes
30,48529,No,3,Yes
47,55954,No,2,Yes
44,47856,No,2,Yes
42,22573,No,1,No
50,98344,No,0,Yes
49,55367,Yes,3,Yes
61,80774,No,3,Yes
54,43752,Yes,0,Yes
26,75029,No,3,Yes
35,37685,No,2,Yes
45,71693,Yes,2,Yes
21,75961,Yes,3,Yes
20,96908,Yes,2,Yes
31,94532,Yes,2,Yes
24,76133,No,3,Yes
56,81268,Yes,1,Yes
51,58243,No,0,Yes
28,77384,Yes,2,Yes
60,51653,No,1,Yes
54,46657,No,2,Yes
38,59952,No,2,Yes
35,42180,No,0,No
22,98411,No,2,Yes
39,21622,No,0,No
43,68756,Yes,0,Yes
52,60809,No,0,Yes
43,36725,Yes,1,Yes
30,81396,Yes,3,Yes
27,71226,No,1,No
55,49402,Yes,3,Yes
57,24263,No,3,Yes
59,66828,Yes,0,Yes
39,67924,No,2,Yes
54,94182,Yes,0,Yes
44,79052,No,2,Yes
54,31664,No,3,Yes
44,55737,No,0,Yes
48,49373,No,2,Yes
37,56397,Yes,1,Yes
65,58709,No,2,Yes
37,81120,Yes,0,Yes
21,39250,Yes,1,Yes
54,41172,Yes,2,Yes
35,31555,No,2,Yes
60,98617,Yes,2,Yes
55,73276,Yes,2,Yes
52,77492,Yes,2,Yes
23,73002,No,1,No
52,92355,No,3,Yes
33,44762,Yes,1,Yes
40,31046,No,1,No
39,48769,No,1,No
27,73302,Yes,3,Yes
26,43150,Yes,0,Yes
22,88247,No,3,Yes
36,24853,Yes,1,Yes
52,41792,No,2,Yes
31,79129,No,2,Yes
41,94478,No,1,Yes
41,87298,No,2,Yes
65,51987,No,1,Yes
49,35850,No,2,Yes
57,32112,Yes,3,Yes
57,44058,Yes,0,Yes
64,65420,No,0,Yes
27,58890,No,3,Yes
46,86017,No,3,Yes
46,67304,Yes,1,Yes
53,52921,No,1,Yes
40,21524,Yes,1,Yes
49,35048,No,2,Yes
52,55111,No,1,Yes
47,57904,Yes,3,Yes
52,74912,Yes,0,Yes
24,54008,No,2,Yes
38,20060,No,1,No
23,94666,No,2,Yes
54,75337,Yes,2,Yes
36,33350,Yes,1,Yes
63,44354,Yes,2,Yes
47,65186,Yes,0,Yes
49,48145,Yes,3,Yes
48,54020,Yes,3,Yes
65,95186,No,0,Yes
25,40581,No,2,Yes
54,43051,Yes,1,Yes
60,71474,No,2,Yes
56,89626,No,0,Yes
43,26960,Yes,2,Yes
48,55772,No,3,Yes
65,41520,Yes,2,Yes
50,69481,Yes,0,Yes
54,56408,No,3,Yes
52,77134,Yes,2,Yes
40,40491,Yes,2,Yes
51,21341,Yes,3,Yes
42,64623,Yes,1,Yes
52,20338,Yes,3,Yes
22,91431,Yes,1,Yes
37,32254,Yes,0,Yes
44,71860,Yes,0,Yes
61,31344,No,3,Yes
50,21750,No,3,Yes
22,74756,No,0,No
59,87957,Yes,1,Yes
65,78053,Yes,0,Yes
43,90855,No,3,Yes
51,35896,No,0,No
41,75761,No,3,Yes
42,82552,Yes,3,Yes
21,97454,No,0,No
46,47935,No,1,No
61,57641,Yes,2,Yes
21,49711,No,0,No
45,90342,Yes,2,Yes
36,32182,Yes,0,Yes
59,76276,Yes,2,Yes
52,39541,No,1,No
28,64813,No,1,No
62,57198,Yes,0,Yes
58,28820,No,3,Yes
48,44070,No,2,Yes
61,89768,No,3,Yes
45,31122,No,3,Yes
54,93543,Yes,3,Yes
44,61786,No,1,Yes
43,26737,Yes,0,Yes
32,56062,Yes,0,Yes
26,74237,No,1,No
55,71571,Yes,1,Yes
64,45510,No,0,No
39,39426,No,3,Yes
20,57265,Yes,2,Yes
27,37850,Yes,2,Yes
65,86150,Yes,2,Yes
35,94910,Yes,3,Yes
33,72375,No,0,No
31,55435,No,1,No
42,77132,No,0,Yes
34,98945,Yes,3,Yes
47,22983,Yes,1,Yes
53,40662,Yes,3,Yes
21,43510,No,2,Yes
51,98187,Yes,2,Yes
42,60998,No,3,Yes
41,76846,Yes,1,Yes
44,26640,No,1,No
41,64547,No,0,Yes
41,74620,Yes,2,Yes
61,35317,Yes,0,Yes
25,27564,No,0,No
34,47345,No,3,Yes
62,99273,Yes,3,Yes
56,94859,Yes,0,Yes
52,94038,No,2,Yes
27,72393,Yes,3,Yes
63,86081,No,0,Yes
63,49430,No,0,No
24,95532,Yes,0,Yes
58,47788,Yes,0,Yes
23,68543,Yes,0,Yes
25,33919,Yes,0,Yes
64,89346,Yes,3,Yes
51,59974,No,2,Yes
49,36371,No,0,No
54,65084,Yes,1,Yes
59,49629,Yes,3,Yes
35,71184,Yes,3,Yes
32,81916,No,0,No
61,93972,Yes,3,Yes
49,82187,Yes,0,Yes
38,32984,No,2,Yes
36,53039,No,2,Yes
38,78606,Yes,3,Yes
47,30616,Yes,3,Yes
45,70072,Yes,1,Yes
56,44574,No,3,Yes
45,23430,Yes,1,Yes
42,32676,Yes,2,Yes
28,30816,Yes,2,Yes
31,52733,No,0,No
20,22050,No,2,Yes
20,53933,Yes,1,Yes
53,44951,Yes,3,Yes
51,52413,No,0,Yes
44,54801,No,1,Yes
59,75619,No,3,Yes
64,52913,No,0,Yes
20,60600,No,2,Yes
35,77775,No,1,No
58,55400,No,3,Yes
24,24494,No,0,No
41,94691,No,0,Yes
48,63001,Yes,2,Yes
22,87364,Yes,3,Yes
31,65028,Yes,2,Yes
45,57573,No,2,Yes
35,20806,Yes,3,Yes
56,76638,No,3,Yes
41,49757,No,3,Yes
48,54636,Yes,1,Yes
33,68280,No,3,Yes
47,44262,Yes,0,Yes
24,82211,Yes,2,Yes
49,74842,Yes,1,Yes
65,76979,No,3,Yes
24,58197,Yes,1,Yes
31,61844,No,3,Yes
35,84754,Yes,1,Yes
45,54157,Yes,2,Yes
45,97129,Yes,2,Yes
40,60042,No,0,Yes
58,81665,No,0,Yes
55,47376,No,3,Yes
52,75554,Yes,2,Yes
49,34199,Yes,1,Yes
56,70948,No,1,Yes
42,93781,No,1,Yes
29,92750,No,0,No
24,86262,No,1,No
55,66600,No,0,Yes
53,96898,No,0,Yes
50,82483,Yes,3,Yes
29,38297,No,1,No
38,50448,Yes,1,Yes
51,46172,Yes,2,Yes
20,62874,No,3,Yes
24,27657,No,2,Yes
64,45425,Yes,3,Yes
23,46685,No,1,No
35,44578,No,0,No
43,48831,Yes,0,Yes
35,27906,Yes,0,Yes
21,81413,Yes,0,Yes
47,74028,No,0,Yes
51,27287,Yes,2,Yes
46,53660,No,3,Yes
39,95758,Yes,1,Yes
43,80504,Yes,2,Yes
31,79720,Yes,3,Yes
54,54701,No,0,Yes
52,37674,No,3,Yes
52,43874,Yes,3,Yes
62,63642,Yes,0,Yes
56,85160,Yes,0,Yes
31,37602,No,0,No
22,45931,Yes,1,Yes
20,49192,No,0,No
52,66542,Yes,1,Yes
59,62520,Yes,0,Yes
29,84772,Yes,1,Yes
62,78762,Yes,3,Yes
63,70106,Yes,2,Yes
48,45559,Yes,3,Yes
32,53742,No,3,Yes
31,89669,Yes,0,Yes
50,41754,No,1,No
65,23972,Yes,2,Yes
21,90831,Yes,0,Yes
54,61873,No,0,Yes
42,29903,Yes,0,Yes
36,23020,No,3,Yes
45,61755,No,1,Yes
27,65648,Yes,1,Yes
48,29516,No,2,Yes
45,22396,No,1,No
29,39129,Yes,1,Yes
45,21591,No,0,No
53,31303,Yes,0,Yes
60,50561,Yes,3,Yes
26,91719,Yes,0,Yes
23,27314,Yes,0,Yes
64,39623,No,0,No
30,87675,Yes,0,Yes
48,85082,Yes,3,Yes
55,53130,No,0,Yes
44,71756,Yes,2,Yes
40,46292,Yes,2,Yes
55,89274,No,2,Yes
29,22469,No,2,Yes
56,73947,No,0,Yes
28,42534,No,2,Yes
43,83620,No,0,Yes
54,68874,No,3,Yes
54,69708,No,2,Yes
55,94553,Yes,1,Yes
37,88344,No,2,Yes
58,69138,No,2,Yes
51,74302,No,0,Yes
43,67638,Yes,2,Yes
42,98249,Yes,1,Yes
51,22719,No,0,No
56,42890,No,0,No
31,97236,No,3,Yes
32,56509,Yes,3,Yes
42,62534,Yes,2,Yes
44,38787,No,3,Yes
54,68845,Yes,3,Yes
60,77932,No,3,Yes
49,53062,Yes,0,Yes
36,95713,Yes,0,Yes
39,80461,No,0,Yes
44,95418,No,3,Yes
41,86672,No,0,Yes
32,54832,No,3,Yes
38,51966,Yes,0,Yes
55,92545,Yes,0,Yes
31,32987,Yes,1,Yes
60,57311,No,2,Yes
38,51575,Yes,3,Yes
31,83852,No,1,No
28,21007,Yes,0,Yes
26,90981,No,3,Yes
47,96242,No,0,Yes
33,67517,Yes,2,Yes
50,49257,No,1,No
38,62207,No,2,Yes
35,33281,Yes,1,Yes
24,81246,No,0,No
54,21435,No,2,Yes
31,46660,No,2,Yes
44,25084,Yes,0,Yes
40,33507,Yes,2,Yes
55,92595,No,3,Yes
42,65539,Yes,1,Yes
35,27491,No,1,No
58,70192,No,1,Yes
64,83888,No,3,Yes
61,93609,No,1,Yes
58,29077,No,0,No
33,40953,Yes,2,Yes
50,96919,No,3,Yes
24,87889,Yes,1,Yes
54,43821,Yes,0,Yes
42,57567,No,2,Yes
48,44860,No,2,Yes
62,41195,Yes,3,Yes
30,97475,Yes,3,Yes
37,41427,Yes,3,Yes
31,47083,No,0,No
28,77372,Yes,0,Yes
29,64064,No,3,Yes
63,27813,No,1,No
36,51598,No,2,Yes
57,47082,Yes,2,Yes
26,49241,No,0,No
65,64569,No,2,Yes
32,31745,No,1,No
59,46029,No,2,Yes
61,33025,No,0,No
28,34288,Yes,0,Yes
46,26540,No,1,No
21,88878,No,1,No
24,61846,Yes,2,Yes
48,95932,No,2,Yes
56,37482,Yes,0,Yes
57,43411,No,1,No
38,70975,Yes,1,Yes
27,80545,Yes,1,Yes
64,98797,No,2,Yes
20,72307,No,1,No
41,23093,No,0,No
36,97258,Yes,0,Yes
26,42042,Yes,2,Yes
44,72930,Yes,3,Yes
64,64413,No,2,Yes
23,53756,Yes,3,Yes
55,73268,Yes,1,Yes
25,59214,No,2,Yes
50,48602,Yes,0,Yes
38,73331,Yes,1,Yes
63,68901,No,0,Yes
58,83416,Yes,1,Yes
46,52196,No,2,Yes
29,25626,No,3,Yes
45,27424,No,1,No
38,32857,No,3,Yes
58,39982,No,1,No
22,96961,Yes,0,Yes
64,21980,Yes,0,Yes
32,68290,No,1,No
47,46431,No,3,Yes
39,46385,Yes,2,Yes
47,58158,No,2,Yes
27,43019,No,0,No
60,38639,No,2,Yes
58,41563,Yes,0,Yes
20,59341,Yes,2,Yes
22,25776,No,1,No
32,56444,No,0,No
47,88916,Yes,0,Yes
44,28711,Yes,1,Yes
52,94318,No,0,Yes
57,50707,No,2,Yes
25,59110,Yes,2,Yes
63,81788,Yes,0,Yes
64,58827,Yes,2,Yes
51,25655,No,3,Yes
64,64859,Yes,0,Yes
40,73625,No,1,Yes
35,72098,Yes,3,Yes
40,35251,Yes,0,Yes
30,20526,Yes,1,Yes
56,88760,Yes,2,Yes
55,67837,No,1,Yes
54,31536,No,3,Yes
38,48541,Yes,2,Yes
39,99083,No,0,Yes
37,71027,Yes,2,Yes
60,54531,Yes,0,Yes
33,28712,Yes,0,Yes
34,85455,Yes,1,Yes
50,94744,No,1,Yes
20,25109,Yes,1,Yes
22,69268,Yes,3,Yes
35,74615,No,3,Yes
42,49759,Yes,1,Yes
30,80112,Yes,3,Yes
31,46589,Yes,2,Yes
29,50015,No,2,Yes
51,49009,Yes,3,Yes
35,82046,No,3,Yes
27,46143,Yes,2,Yes
57,26154,Yes,0,Yes
31,41804,No,2,Yes
43,61688,Yes,2,Yes
47,84288,Yes,3,Yes
27,71195,No,2,Yes
47,40581,No,3,Yes
55,72648,No,3,Yes
45,50087,No,1,Yes
27,69930,No,2,Yes
47,52981,Yes,0,Yes
47,89298,No,1,Yes
56,66167,Yes,3,Yes
60,95304,Yes,3,Yes
55,63408,Yes,0,Yes
46,59499,No,3,Yes
36,72269,No,2,Yes
28,58559,Yes,1,Yes
52,94319,No,3,Yes
39,68787,No,3,Yes
32,55488,No,0,No
47,94441,No,2,Yes
48,94663,Yes,3,Yes
32,42431,Yes,0,Yes
65,81681,No,3,Yes
54,83483,Yes,0,Yes
25,69153,No,0,No
37,26368,No,2,Yes
24,47424,Yes,3,Yes
44,65004,Yes,2,Yes
21,76985,Yes,0,Yes
29,70069,No,1,No
49,72326,Yes,3,Yes
64,43398,No,1,No
24,70861,Yes,3,Yes
52,95897,Yes,2,Yes
20,88577,No,2,Yes
37,85641,No,2,Yes
51,29078,No,2,Yes
30,45003,No,2,Yes
40,82768,No,1,Yes
45,71047,No,2,Yes
44,91626,No,0,Yes
41,77660,No,0,Yes
46,69786,Yes,1,Yes
32,21925,No,3,Yes
52,46015,No,0,No
53,53320,Yes,3,Yes
60,84881,No,1,Yes
54,46289,Yes,3,Yes
20,23389,Yes,3,Yes
40,45683,No,3,Yes
25,33629,Yes,3,Yes
47,81550,No,1,Yes
36,44826,Yes,0,Yes
24,46630,Yes,2,Yes
50,66163,Yes,3,Yes
24,86435,No,0,No
57,31653,No,0,No
22,47961,Yes,1,Yes
42,94137,Yes,0,Yes
56,53662,No,1,Yes
56,76446,No,3,Yes
29,41288,Yes,3,Yes
29,56877,Yes,2,Yes
38,35313,No,2,Yes
36,92715,No,2,Yes
40,30326,No,0,No
33,21560,No,3,Yes
28,99148,No,1,No
65,46745,Yes,2,Yes
20,51890,No,1,No
64,40022,Yes,1,Yes
32,72579,No,2,Yes
23,90316,Yes,3,Yes
20,48380,No,2,Yes
59,22356,No,1,No
51,90326,Yes,2,Yes
53,40049,Yes,1,Yes
47,95717,No,1,Yes
50,36082,No,2,Yes
27,20661,No,0,No
58,57412,No,2,Yes
45,22920,No,0,No
53,80315,Yes,1,Yes
22,99561,Yes,1,Yes
31,28946,No,0,No
20,65500,Yes,1,Yes
63,36309,Yes,0,Yes
24,75230,Yes,0,Yes
49,50027,No,1,Yes
49,92541,Yes,3,Yes
36,79321,No,0,Yes
42,20956,Yes,2,Yes
34,94131,No,2,Yes
56,67908,Yes,1,Yes
40,98339,No,3,Yes
33,45963,No,1,No
21,59443,Yes,3,Yes
30,59063,No,0,No
58,24703,No,0,No
57,85128,No,0,Yes
53,92099,No,0,Yes
57,45849,No,2,Yes
53,51860,No,2,Yes
37,51585,No,1,Yes
49,42015,No,3,Yes
34,97539,Yes,0,Yes
46,63585,Yes,0,Yes
53,46958,No,3,Yes
57,46017,No,3,Yes
52,96707,Yes,1,Yes
43,65350,Yes,3,Yes
34,32201,Yes,0,Yes
49,49426,No,0,No
61,37778,Yes,0,Yes
36,65241,No,0,Yes
24,62229,No,0,No
48,68364,Yes,1,Yes
23,77056,No,0,No
29,47490,No,1,No
36,39975,No,0,No
29,46723,No,2,Yes
36,43279,Yes,2,Yes
39,98301,Yes,2,Yes
43,31561,No,2,Yes
24,86061,No,1,No
53,69153,Yes,1,Yes
25,53142,No,3,Yes
21,46916,Yes,0,Yes
32,84324,No,2,Yes
62,64965,No,1,Yes
62,24648,Yes,0,Yes
30,55133,Yes,0,Yes
42,70677,Yes,1,Yes
35,90135,Yes,2,Yes
50,55046,No,3,Yes
30,67064,Yes,0,Yes
35,89350,No,3,Yes
27,65893,Yes,2,Yes
23,81272,Yes,2,Yes
59,87649,No,3,Yes
23,84674,Yes,2,Yes
44,33760,Yes,0,Yes
22,41927,Yes,3,Yes
51,81367,Yes,2,Yes
22,32588,No,3,Yes
46,72233,No,0,Yes
48,64738,Yes,2,Yes
51,53397,Yes,0,Yes
38,96367,Yes,2,Yes
40,91260,No,1,Yes
24,96619,No,2,Yes
37,39816,No,3,Yes
47,62240,No,2,Yes
61,26276,Yes,0,Yes
41,99530,Yes,0,Yes
40,43499,Yes,2,Yes
25,91635,No,3,Yes
20,55946,Yes,1,Yes
24,75204,No,3,Yes
60,71886,No,1,Yes
31,91652,Yes,0,Yes
45,35563,Yes,3,Yes
65,29847,Yes,1,Yes
53,46155,No,2,Yes
33,99671,No,0,No
45,87278,Yes,2,Yes
64,38309,Yes,0,Yes
46,20619,No,3,Yes
28,70108,Yes,3,Yes
45,54707,No,0,Yes
41,40337,No,0,No
49,86504,Yes,0,Yes
62,67614,Yes,3,Yes
36,20281,Yes,1,Yes
45,47420,Yes,2,Yes
55,59030,No,2,Yes
20,21058,No,3,Yes
27,96260,No,2,Yes
54,48404,Yes,0,Yes
34,49856,No,1,No
41,29200,Yes,2,Yes
33,84178,Yes,1,Yes
45,53997,Yes,0,Yes
47,45611,Yes,2,Yes
42,61235,Yes,3,Yes
33,55057,Yes,1,Yes
43,21239,No,0,No
21,85661,Yes,1,Yes
64,65272,No,2,Yes
45,81212,No,2,Yes
33,35398,Yes,3,Yes
26,76503,Yes,0,Yes
22,26638,Yes,0,Yes
42,26570,No,3,Yes
65,88785,Yes,3,Yes
62,29110,No,0,No
64,99141,Yes,1,Yes
37,32115,Yes,1,Yes
57,59062,No,3,Yes
54,42911,No,1,No
34,52556,Yes,0,Yes
44,98131,No,2,Yes
56,21969,No,2,Yes
47,63753,No,1,Yes
29,24470,No,3,Yes
58,30225,No,3,Yes
36,43196,Yes,3,Yes
58,33669,Yes,3,Yes
41,57380,No,3,Yes
45,68320,Yes,1,Yes
63,67414,Yes,2,Yes
44,35577,No,2,Yes
36,75409,Yes,1,Yes
32,48625,No,3,Yes
39,44089,No,1,No
44,56487,Yes,2,Yes
23,85838,No,0,No
29,70138,No,1,No
22,62823,No,3,Yes
60,57208,No,2,Yes
64,74061,No,2,Yes
37,50659,Yes,2,Yes
55,51890,Yes,2,Yes
41,99134,No,3,Yes
53,67055,No,0,Yes
27,39508,Yes,2,Yes
59,62287,No,1,Yes
63,98916,Yes,0,Yes
38,46984,No,2,Yes
61,28125,No,0,No
60,56059,No,1,Yes
56,89569,No,2,Yes
25,37087,No,1,No
45,25704,No,3,Yes
53,80576,No,2,Yes
64,93384,Yes,2,Yes
25,92460,Yes,2,Yes
56,47208,Yes,2,Yes
52,86024,No,3,Yes
41,59882,No,2,Yes
40,45923,No,0,No
25,49165,No,2,Yes
25,87203,No,3,Yes
23,24114,No,2,Yes
49,84965,No,0,Yes
30,56321,Yes,3,Yes
49,93297,No,3,Yes
50,45426,Yes,0,Yes
43,37772,Yes,0,Yes
28,23712,No,0,No
22,21367,No,0,No
50,71924,Yes,0,Yes
59,23726,Yes,3,Yes
56,47723,No,3,Yes
55,29108,No,2,Yes
43,97714,Yes,2,Yes
50,55643,No,1,Yes
25,51324,No,2,Yes
21,28927,No,2,Yes
39,42443,Yes,0,Yes
47,99973,Yes,0,Yes
30,83449,Yes,2,Yes
23,96743,No,1,No
34,80233,No,0,No
25,45537,Yes,2,Yes
49,97576,Yes,2,Yes
57,42612,Yes,3,Yes
21,26471,No,1,No
34,55631,Yes,3,Yes
30,51348,Yes,1,Yes
27,84732,No,0,No
45,21177,No,1,No
64,24760,No,2,Yes
63,52779,Yes,2,Yes
24,41636,No,1,No
25,73551,No,1,No
45,31556,Yes,1,Yes
23,47598,No,3,Yes
38,31563,Yes,1,Yes
39,66819,Yes,0,Yes
52,93770,No,3,Yes
39,46966,No,3,Yes
31,79889,No,1,No
20,46987,No,0,No
45,98714,No,3,Yes
33,78348,No,2,Yes
57,44596,Yes,3,Yes
56,53174,Yes,1,Yes
30,84106,No,0,No
55,89967,Yes,1,Yes
32,79182,No,2,Yes
62,59310,Yes,2,Yes
22,76088,Yes,2,Yes
52,28906,Yes,1,Yes
25,56914,No,3,Yes
29,65379,Yes,1,Yes
24,98612,No,0,No
42,57650,Yes,3,Yes
29,66881,Yes,2,Yes
63,66413,Yes,1,Yes
21,26012,Yes,2,Yes
32,70115,Yes,2,Yes
59,27151,No,0,No
21,77716,No,3,Yes
39,56378,Yes,0,Yes
20,62652,Yes,0,Yes
56,92430,Yes,0,Yes
28,33467,Yes,2,Yes
36,51010,No,0,Yes
28,74691,Yes,0,Yes
30,84157,No,3,Yes
34,32289,Yes,3,Yes
43,64976,No,0,Yes
57,63596,Yes,3,Yes
54,43171,Yes,3,Yes
49,64139,No,0,Yes
50,68713,Yes,2,Yes
24,49734,Yes,0,Yes
63,92588,Yes,3,Yes
33,83646,No,2,Yes
30,23654,Yes,1,Yes
28,38743,Yes,2,Yes
53,68368,No,3,Yes
31,94172,No,2,Yes
54,26441,No,0,No
54,44611,Yes,1,Yes
20,32149,Yes,1,Yes
59,79189,Yes,1,Yes
